sample,fastq_1,fastq_2,strandedness
Greenwell1B,/nfs2/hts/nextseq/250423_VH00571_551_AAGLHN7M5/L1-dual-12bp-1mm/lane1-s001-index--AAAACATGCGTT-CCCCACTGAGTT-Greenwell1B_S1_R1_001.fastq.gz,,auto
Greenwell2B,/nfs2/hts/nextseq/250423_VH00571_551_AAGLHN7M5/L1-dual-12bp-1mm/lane1-s002-index--TCGTCTGGCCGT-TAGTATGGAAGT-Greenwell2B_S2_R1_001.fastq.gz,,auto
Greenwell3B,/nfs2/hts/nextseq/250423_VH00571_551_AAGLHN7M5/L1-dual-12bp-1mm/lane1-s003-index--TACGGTATAGAA-TCAGGTCTCGCC-Greenwell3B_S3_R1_001.fastq.gz,,auto
Jones1B,/nfs2/hts/nextseq/250423_VH00571_551_AAGLHN7M5/L1-dual-12bp-1mm/lane1-s004-index--ATCGACTTGTGT-CTAGCATTGTGT-Jones1B_S4_R1_001.fastq.gz,,auto
Jones2B,/nfs2/hts/nextseq/250423_VH00571_551_AAGLHN7M5/L1-dual-12bp-1mm/lane1-s005-index--AACCCTGGGAAG-CCAAATGGGCCG-Jones2B_S5_R1_001.fastq.gz,,auto
Bechtel1B,/nfs2/hts/nextseq/250423_VH00571_551_AAGLHN7M5/L1-dual-12bp-1mm/lane1-s006-index--CACCTTCGGTTG-ACAATTAGGTTG-Bechtel1B_S6_R1_001.fastq.gz,,auto
Bechtel2B,/nfs2/hts/nextseq/250423_VH00571_551_AAGLHN7M5/L1-dual-12bp-1mm/lane1-s007-index--AGCAAAGGATGT-CGACCCGGCTGT-Bechtel2B_S7_R1_001.fastq.gz,,auto
Pentz1B,/nfs2/hts/nextseq/250423_VH00571_551_AAGLHN7M5/L1-dual-12bp-1mm/lane1-s008-index--AGGCTTAATCGG-CGGATTCCTAGG-Pentz1B_S8_R1_001.fastq.gz,,auto
Pentz2B,/nfs2/hts/nextseq/250423_VH00571_551_AAGLHN7M5/L1-dual-12bp-1mm/lane1-s009-index--GCGCGAAGTTGA-GAGAGCCGTTGC-Pentz2B_S9_R1_001.fastq.gz,,auto
Max1B,/nfs2/hts/nextseq/250423_VH00571_551_AAGLHN7M5/L1-dual-12bp-1mm/lane1-s010-index--AGGTGGTTCTAC-CGGTGGTTATCA-Max1B_S10_R1_001.fastq.gz,,auto
Max2B,/nfs2/hts/nextseq/250423_VH00571_551_AAGLHN7M5/L1-dual-12bp-1mm/lane1-s011-index--TACGCCCACGTG-TCAGAAACAGTG-Max2B_S11_R1_001.fastq.gz,,auto
Bolong1B,/nfs2/hts/nextseq/250423_VH00571_551_AAGLHN7M5/L1-dual-12bp-1mm/lane1-s012-index--TGTTTTGCTAAC-TGTTTTGATCCA-Bolong1B_S12_R1_001.fastq.gz,,auto
Bolong2B,/nfs2/hts/nextseq/250423_VH00571_551_AAGLHN7M5/L1-dual-12bp-1mm/lane1-s013-index--ACCCGAACGAGC-CAAAGCCAGCGA-Bolong2B_S13_R1_001.fastq.gz,,auto
Bolong3B,/nfs2/hts/nextseq/250423_VH00571_551_AAGLHN7M5/L1-dual-12bp-1mm/lane1-s014-index--TCCCGGCTAAAA-TAAAGGATCCCC-Bolong3B_S14_R1_001.fastq.gz,,auto
Hutter1B,/nfs2/hts/nextseq/250423_VH00571_551_AAGLHN7M5/L1-dual-12bp-1mm/lane1-s015-index--GATTTCCCCCGA-GCTTTAAAAAGC-Hutter1B_S15_R1_001.fastq.gz,,auto
Hutter2B,/nfs2/hts/nextseq/250423_VH00571_551_AAGLHN7M5/L1-dual-12bp-1mm/lane1-s016-index--CCCAATTTTGCC-AAACCTTTTGAA-Hutter2B_S16_R1_001.fastq.gz,,auto
Martin1B,/nfs2/hts/nextseq/250423_VH00571_551_AAGLHN7M5/L1-dual-12bp-1mm/lane1-s017-index--TCAACAACCGGT-TACCACCAAGGT-Martin1B_S17_R1_001.fastq.gz,,auto
Martin2B,/nfs2/hts/nextseq/250423_VH00571_551_AAGLHN7M5/L1-dual-12bp-1mm/lane1-s018-index--CAGATAATACGT-ACGCTCCTCAGT-Martin2B_S18_R1_001.fastq.gz,,auto
Fischer1B,/nfs2/hts/nextseq/250423_VH00571_551_AAGLHN7M5/L1-dual-12bp-1mm/lane1-s019-index--CTATGCAAGCTG-ATCTGACCGATG-Fischer1B_S19_R1_001.fastq.gz,,auto
Fischer2B,/nfs2/hts/nextseq/250423_VH00571_551_AAGLHN7M5/L1-dual-12bp-1mm/lane1-s020-index--CCGGGCGTCATG-AAGGGAGTACTG-Fischer2B_S20_R1_001.fastq.gz,,auto
Halbert1B,/nfs2/hts/nextseq/250423_VH00571_551_AAGLHN7M5/L1-dual-12bp-1mm/lane1-s021-index--TTAGGACGCAAA-TTCGGCAGACCC-Halbert1B_S21_R1_001.fastq.gz,,auto
Halbert2B,/nfs2/hts/nextseq/250423_VH00571_551_AAGLHN7M5/L1-dual-12bp-1mm/lane1-s022-index--ATGGGCTAGACA-CTGGGATCGCAC-Halbert2B_S22_R1_001.fastq.gz,,auto
Keith1B,/nfs2/hts/nextseq/250423_VH00571_551_AAGLHN7M5/L1-dual-12bp-1mm/lane1-s023-index--TTTGTGGACACG-TTTGTGGCACAG-Keith1B_S23_R1_001.fastq.gz,,auto
Keith2B,/nfs2/hts/nextseq/250423_VH00571_551_AAGLHN7M5/L1-dual-12bp-1mm/lane1-s024-index--GAATTCGTATAC-GCCTTAGTCTCA-Keith2B_S24_R1_001.fastq.gz,,auto
MJones1B,/nfs2/hts/nextseq/250423_VH00571_551_AAGLHN7M5/L1-dual-12bp-1mm/lane1-s025-index--GCTAGCTCAGAT-GATCGATACGCT-MJones1B_S25_R1_001.fastq.gz,,auto
MJones2B,/nfs2/hts/nextseq/250423_VH00571_551_AAGLHN7M5/L1-dual-12bp-1mm/lane1-s026-index--TATAAGGGAATG-TCTCCGGGCCTG-MJones2B_S26_R1_001.fastq.gz,,auto
MJones3B,/nfs2/hts/nextseq/250423_VH00571_551_AAGLHN7M5/L1-dual-12bp-1mm/lane1-s027-index--AAGTTGCGGGTA-CCGTTGAGGGTC-MJones3B_S27_R1_001.fastq.gz,,auto
Lam1B,/nfs2/hts/nextseq/250423_VH00571_551_AAGLHN7M5/L1-dual-12bp-1mm/lane1-s028-index--TCGAGTCCCGGA-TAGCGTAAAGGC-Lam1B_S28_R1_001.fastq.gz,,auto
Lam2B,/nfs2/hts/nextseq/250423_VH00571_551_AAGLHN7M5/L1-dual-12bp-1mm/lane1-s029-index--CCGTTGAAGGGG-AAGTTGCCGGGG-Lam2B_S29_R1_001.fastq.gz,,auto
Murray1B,/nfs2/hts/nextseq/250423_VH00571_551_AAGLHN7M5/L1-dual-12bp-1mm/lane1-s030-index--TGAGGCATTTGG-TGCGGACTTTGG-Murray1B_S30_R1_001.fastq.gz,,auto
Anderson1B,/nfs2/hts/nextseq/250423_VH00571_551_AAGLHN7M5/L1-dual-12bp-1mm/lane1-s031-index--TTGTCCGATATG-TTGTAAGCTCTG-Anderson1B_S31_R1_001.fastq.gz,,auto
Anderson2B,/nfs2/hts/nextseq/250423_VH00571_551_AAGLHN7M5/L1-dual-12bp-1mm/lane1-s032-index--GTTTAAAGGCAG-GTTTCCCGGACG-Anderson2B_S32_R1_001.fastq.g,,auto
Cloquet1B,/nfs2/hts/nextseq/250423_VH00571_551_AAGLHN7M5/L1-dual-12bp-1mm/lane1-s033-index--ATCGGAAAATTC-CTAGGCCCCTTA-Cloquet1B_S33_R1_001.fastq.gz,,auto
Cloquet2B,/nfs2/hts/nextseq/250423_VH00571_551_AAGLHN7M5/L1-dual-12bp-1mm/lane1-s034-index--TGCTAAATTAGT-TGATCCCTTCGT-Cloquet2B_S34_R1_001.fastq.gz,,auto
Carey1B,/nfs2/hts/nextseq/250423_VH00571_551_AAGLHN7M5/L1-dual-12bp-1mm/lane1-s035-index--TATTGGCGGCCT-TCTTGGAGGAAT-Carey1B_S35_R1_001.fastq.gz,,auto
Carey2B,/nfs2/hts/nextseq/250423_VH00571_551_AAGLHN7M5/L1-dual-12bp-1mm/lane1-s036-index--AGAGGCCGAACA-CGCGGAAGCCAC-Carey2B_S36_R1_001.fastq.gz,,auto
Howard1B,/nfs2/hts/nextseq/250423_VH00571_551_AAGLHN7M5/L1-dual-12bp-1mm/lane1-s037-index--TAAGATCGATTA-TCCGCTAGCTTC-Howard1B_S37_R1_001.fastq.gz,,auto
Howard2B,/nfs2/hts/nextseq/250423_VH00571_551_AAGLHN7M5/L1-dual-12bp-1mm/lane1-s038-index--CGAGTTTATCAG-AGCGTTTCTACG-Howard2B_S38_R1_001.fastq.gz,,auto
Colton1B,/nfs2/hts/nextseq/250423_VH00571_551_AAGLHN7M5/L1-dual-12bp-1mm/lane1-s039-index--CACTAGTTTCGT-ACATCGTTTAGT-Colton1B_S39_R1_001.fastq.gz,,auto
Colton2B,/nfs2/hts/nextseq/250423_VH00571_551_AAGLHN7M5/L1-dual-12bp-1mm/lane1-s040-index--GACCCGTCTTGA-GCAAAGTATTGC-Colton2B_S40_R1_001.fastq.gz,,auto
Pratt1B,/nfs2/hts/nextseq/250423_VH00571_551_AAGLHN7M5/L1-dual-12bp-1mm/lane1-s041-index--CGGGAACCCGCA-AGGGCCAAAGAC-Pratt1B_S41_R1_001.fastq.gz,,auto
Pratt2B,/nfs2/hts/nextseq/250423_VH00571_551_AAGLHN7M5/L1-dual-12bp-1mm/lane1-s042-index--AAACGTTCATCC-CCCAGTTACTAA-Pratt2B_S42_R1_001.fastq.gz,,auto
Randolph1B,/nfs2/hts/nextseq/250423_VH00571_551_AAGLHN7M5/L1-dual-12bp-1mm/lane1-s043-index--GAAGGGTAAAGC-GCCGGGTCCCGA-Randolph1B_S43_R1_001.fastq.gz,,auto
Randolph2B,/nfs2/hts/nextseq/250423_VH00571_551_AAGLHN7M5/L1-dual-12bp-1mm/lane1-s044-index--AGTCTCAGCAAA-CGTATACGACCC-Randolph2B_S44_R1_001.fastq.gz,,auto
Heiss1B,/nfs2/hts/nextseq/250423_VH00571_551_AAGLHN7M5/L1-dual-12bp-1mm/lane1-s045-index--CCAAAGAGGGAT-AACCCGCGGGCT-Heiss1B_S45_R1_001.fastq.gz,,auto
Heiss2B,/nfs2/hts/nextseq/250423_VH00571_551_AAGLHN7M5/L1-dual-12bp-1mm/lane1-s046-index--TCCTCTCTTCTA-TAATATATTATC-Heiss2B_S46_R1_001.fastq.gz,,auto
Rothery1B,/nfs2/hts/nextseq/250423_VH00571_551_AAGLHN7M5/L1-dual-12bp-1mm/lane1-s047-index--AAATGTAGTGAG-CCCTGTCGTGCG-Rothery1B_S47_R1_001.fastq.gz,,auto
Rothery2B,/nfs2/hts/nextseq/250423_VH00571_551_AAGLHN7M5/L1-dual-12bp-1mm/lane1-s048-index--ACAGGACTCTGG-CACGGCATATGG-Rothery2B_S48_R1_001.fastq.gz,,auto
Smith1B,/nfs2/hts/nextseq/250423_VH00571_551_AAGLHN7M5/L1-dual-12bp-1mm/lane1-s049-index--AAAATCCCAGTT-CCCCTAAACGTT-Smith1B_S49_R1_001.fastq.gz,,auto
Smith2B,/nfs2/hts/nextseq/250423_VH00571_551_AAGLHN7M5/L1-dual-12bp-1mm/lane1-s050-index--GCATCCATGCAT-GACTAACTGACT-Smith2B_S50_R1_001.fastq.gz,,auto
Foster1B,/nfs2/hts/nextseq/250423_VH00571_551_AAGLHN7M5/L1-dual-12bp-1mm/lane1-s051-index--CAAGGTCCCCTT-ACCGGTAAAATT-Foster1B_S51_R1_001.fastq.gz,,auto
Foster2B,/nfs2/hts/nextseq/250423_VH00571_551_AAGLHN7M5/L1-dual-12bp-1mm/lane1-s052-index--TCCTAGCGATTT-TAATCGAGCTTT-Foster2B_S52_R1_001.fastq.gz,,auto
Swenson1B,/nfs2/hts/nextseq/250423_VH00571_551_AAGLHN7M5/L1-dual-12bp-1mm/lane1-s053-index--CCGCCCTATTTC-AAGAAATCTTTA-Swenson1B_S53_R1_001.fastq.gz,,auto
Swenson2B,/nfs2/hts/nextseq/250423_VH00571_551_AAGLHN7M5/L1-dual-12bp-1mm/lane1-s054-index--CTGTAGTCGCCA-ATGTCGTAGAAC-Swenson2B_S54_R1_001.fastq.gz,,auto
Carroll1B,/nfs2/hts/nextseq/250423_VH00571_551_AAGLHN7M5/L1-dual-12bp-1mm/lane1-s055-index--GACATTATTCTT-GCACTTCTTATT-Carroll1B_S55_R1_001.fastq.gz,,auto
Carroll2B,/nfs2/hts/nextseq/250423_VH00571_551_AAGLHN7M5/L1-dual-12bp-1mm/lane1-s056-index--GAAAATTTACGC-GCCCCTTTCAGA-Carroll2B_S56_R1_001.fastq.gz,,auto
Carroll3B,/nfs2/hts/nextseq/250423_VH00571_551_AAGLHN7M5/L1-dual-12bp-1mm/lane1-s057-index--AAACTAACTGTC-CCCATCCATGTA-Carroll3B_S57_R1_001.fastq.gz,,auto
Klein1B,/nfs2/hts/nextseq/250423_VH00571_551_AAGLHN7M5/L1-dual-12bp-1mm/lane1-s058-index--CCTGGTACTTTC-AATGGTCATTTA-Klein1B_S58_R1_001.fastq.gz,,auto
Klein2B,/nfs2/hts/nextseq/250423_VH00571_551_AAGLHN7M5/L1-dual-12bp-1mm/lane1-s059-index--AGCTTCTTTTCC-CGATTATTTTAA-Klein2B_S59_R1_001.fastq.gz,,auto
Taylor1B,/nfs2/hts/nextseq/250423_VH00571_551_AAGLHN7M5/L1-dual-12bp-1mm/lane1-s060-index--GAGTCGGTGGCA-GCGTAGGTGGAC-Taylor1B_S60_R1_001.fastq.gz,,auto
Taylor2B,/nfs2/hts/nextseq/250423_VH00571_551_AAGLHN7M5/L1-dual-12bp-1mm/lane1-s061-index--AATAGCTTTTTC-CCTCGATTTTTA-Taylor2B_S61_R1_001.fastq.gz,,auto
Willoughby1B,/nfs2/hts/nextseq/250423_VH00571_551_AAGLHN7M5/L1-dual-12bp-1mm/lane1-s062-index--TAATTACAAAGA-TCCTTCACCCGC-Willoughby1B_S62_R1_001.fastq.gz,,auto
Willoughby2B,/nfs2/hts/nextseq/250423_VH00571_551_AAGLHN7M5/L1-dual-12bp-1mm/lane1-s063-index--GTGGCACCACTT-GTGGACAACATT-Willoughby2B_S63_R1_001.fastq.gz,,auto
Ptak1B,/nfs2/hts/nextseq/250423_VH00571_551_AAGLHN7M5/L1-dual-12bp-1mm/lane1-s064-index--ATTCAACCTCTA-CTTACCAATATC-Ptak1B_S64_R1_001.fastq.gz,,auto
Ptak2B,/nfs2/hts/nextseq/250423_VH00571_551_AAGLHN7M5/L1-dual-12bp-1mm/lane1-s065-index--GTCAAATGTCCT-GTACCCTGTAAT-Ptak2B_S65_R1_001.fastq.gz,,auto
Barrow1B,/nfs2/hts/nextseq/250423_VH00571_551_AAGLHN7M5/L1-dual-12bp-1mm/lane1-s066-index--ATTCCTGAGTTA-CTTAATGCGTTC-Barrow1B_S66_R1_001.fastq.gz,,auto
Barrow2B,/nfs2/hts/nextseq/250423_VH00571_551_AAGLHN7M5/L1-dual-12bp-1mm/lane1-s067-index--ATCCGCCAGGAT-CTAAGAACGGCT-Barrow2B_S67_R1_001.fastq.gz,,auto
Strople1B,/nfs2/hts/nextseq/250423_VH00571_551_AAGLHN7M5/L1-dual-12bp-1mm/lane1-s068-index--CTCTCCATCGAA-ATATAACTAGCC-Strople1B_S68_R1_001.fastq.gz,,auto
Strople2B,/nfs2/hts/nextseq/250423_VH00571_551_AAGLHN7M5/L1-dual-12bp-1mm/lane1-s069-index--CCCACCGTAAGC-AAACAAGTCCGA-Strople2B_S69_R1_001.fastq.gz,,auto
Cooper1B,/nfs2/hts/nextseq/250423_VH00571_551_AAGLHN7M5/L1-dual-12bp-1mm/lane1-s070-index--TAACCAGCACTT-TCCAACGACATT-Cooper1B_S70_R1_001.fastq.gz,,auto
Cooper2B,/nfs2/hts/nextseq/250423_VH00571_551_AAGLHN7M5/L1-dual-12bp-1mm/lane1-s071-index--CCATTGTCTAAA-AACTTGTATCCC-Cooper2B_S71_R1_001.fastq.gz,,auto
Taucher1B,/nfs2/hts/nextseq/250423_VH00571_551_AAGLHN7M5/L1-dual-12bp-1mm/lane1-s072-index--GCCTAATACAAC-GAATCCTCACCA-Taucher1B_S72_R1_001.fastq.gz,,auto
Taucher2B,/nfs2/hts/nextseq/250423_VH00571_551_AAGLHN7M5/L1-dual-12bp-1mm/lane1-s073-index--GTTTGACTTTAT-GTTTGCATTTCT-Taucher2B_S73_R1_001.fastq.gz,,auto
Wells1B,/nfs2/hts/nextseq/250423_VH00571_551_AAGLHN7M5/L1-dual-12bp-1mm/lane1-s074-index--GCGCCGGGTCCC-GAGAAGGGTAAA-Wells1B_S74_R1_001.fastq.gz,,auto
Wells2B,/nfs2/hts/nextseq/250423_VH00571_551_AAGLHN7M5/L1-dual-12bp-1mm/lane1-s075-index--ACGATACGCCAA-CAGCTCAGAACC-Wells2B_S75_R1_001.fastq.gz,,auto
Woolsey1B,/nfs2/hts/nextseq/250423_VH00571_551_AAGLHN7M5/L1-dual-12bp-1mm/lane1-s076-index--TTATCACTCCTT-TTCTACATAATT-Woolsey1B_S76_R1_001.fastq.gz,,auto
Woolsey2B,/nfs2/hts/nextseq/250423_VH00571_551_AAGLHN7M5/L1-dual-12bp-1mm/lane1-s077-index--AATGACCGTAGG-CCTGCAAGTCGG-Woolsey2B_S77_R1_001.fastq.gz,,auto
Bierek1B,/nfs2/hts/nextseq/250423_VH00571_551_AAGLHN7M5/L1-dual-12bp-1mm/lane1-s078-index--TTGACAGCGTCG-TTGCACGAGTAG-Bierek1B_S78_R1_001.fastq.gz,,auto
Bierek2B,/nfs2/hts/nextseq/250423_VH00571_551_AAGLHN7M5/L1-dual-12bp-1mm/lane1-s079-index--CACCAGAGATAT-ACAACGCGCTCT-Bierek2B_S79_R1_001.fastq.gz,,auto
Chandler1B,/nfs2/hts/nextseq/250423_VH00571_551_AAGLHN7M5/L1-dual-12bp-1mm/lane1-s080-index--ACTAAGCGCGTG-CATCCGAGAGTG-Chandler1B_S80_R1_001.fastq.gz,,auto
Chandler2B,/nfs2/hts/nextseq/250423_VH00571_551_AAGLHN7M5/L1-dual-12bp-1mm/lane1-s081-index--TGTGGGGTGATT-TGTGGGGTGCTT-Chandler2B_S81_R1_001.fastq.gz,,auto
Porbandarwalla1B,/nfs2/hts/nextseq/250423_VH00571_551_AAGLHN7M5/L1-dual-12bp-1mm/lane1-s082-index--GAAATGTGAAGG-GCCCTGTGCCGG-Porbandarwalla1B_S82_R1_001.fastq.gz,,auto
Porbandarwalla2B,/nfs2/hts/nextseq/250423_VH00571_551_AAGLHN7M5/L1-dual-12bp-1mm/lane1-s083-index--CAAACGCTGAGG-ACCCAGATGCGG-Porbandarwalla2B_S83_R1_001.fastq.gz,,auto
McFarland1B,/nfs2/hts/nextseq/250423_VH00571_551_AAGLHN7M5/L1-dual-12bp-1mm/lane1-s084-index--GCTACTTTGGGG-GATCATTTGGGG-McFarland1B_S84_R1_001.fastq.gz,,auto
McFarland2B,/nfs2/hts/nextseq/250423_VH00571_551_AAGLHN7M5/L1-dual-12bp-1mm/lane1-s085-index--AGAAATTGGCAT-CGCCCTTGGACT-McFarland2B_S85_R1_001.fastq.gz,,auto